run_id,timestamp_utc,data_source,name,role,tier,refine_v24,refine_min,refine_r2019,d_r2019,score,refine,refine_R,refine_F,bss,brier,logloss,auc,pred_mean,d,score_cold,score_m1,se_vs_anchor,n_folds,delta_vs_anchor,beats_anchor,brier_cal,logloss_cal,logloss_cold
20260805-035427_real,2026-08-05T03:54:27.114996+00:00,real,hgb82+K1K4_w0,candidate,,,,,,833.1597616200023,,,,0.008331597616200023,0.24757880609510574,0.6883536985088871,0.5518282728560712,0.4916175840999479,-0.01337661530076828,1420.6068792084525,-60.81128677969023,35.00450446998086,3,222.3156676914234,True,,,
20260805-035427_real,2026-08-05T03:54:27.114996+00:00,real,hgb82+K1K4_w0.5,candidate,,,,,,793.294439371084,,,,0.007932944393710839,0.24767960581476411,0.6885077684769998,0.5481630087344975,0.4981894088170887,-0.006804790583627447,997.5786167375971,414.0389293336007,28.702289415582516,3,182.45034544250507,True,,,
20260805-035427_real,2026-08-05T03:54:27.114996+00:00,real,rf_official+K1K4_w0.5,candidate,,,,,,759.2011455401226,,,,0.007592011455401226,0.24776432407565827,0.689514905747488,0.5484999165745618,0.49476788971313596,-0.010226309687580168,837.4622650055102,617.1193113897689,24.08616131402636,3,148.35705161154374,True,,,
20260805-035427_real,2026-08-05T03:54:27.114996+00:00,real,rf_official+K4_w0.5,candidate,,,,,,673.6885251567682,,,,0.006736885251567681,0.24797801099389627,0.6890748292919001,0.5484672792236459,0.491361697495996,-0.013632501904720077,482.70785786137895,702.1719808190996,30.07599803138579,3,62.84443122818925,True,,,
20260805-035427_real,2026-08-05T03:54:27.114996+00:00,real,rf_official+K1K4_w0,candidate,,,,,,671.2952748748576,,,,0.006712952748748576,0.2479821139903542,0.6900099469669239,0.5514426460258525,0.48804439636285774,-0.016949803037858424,830.2525910520757,208.29670368522534,33.31085814911504,3,60.45118094627867,True,,,
20260805-035427_real,2026-08-05T03:54:27.114996+00:00,real,rf_official+K3_flat,candidate,,,,,,639.6827674537013,,,,0.006396827674537013,0.24806370917825468,0.6892607374764487,0.5477279477129509,0.5114180319339711,0.00642383253325494,-199.85350353954507,189.44140838342105,6.932081767543487,3,28.83867352512243,True,,,
20260805-035427_real,2026-08-05T03:54:27.114996+00:00,real,rf_official+K3_hedge,candidate,,,,,,631.3489836326477,,,,0.006313489836326477,0.24808453838104802,0.6893079665621024,0.5477279477129509,0.5056454891576605,0.0006512897569443584,-159.09541129144685,187.81520790196828,9.23122760491013,3,20.504889704068773,True,,,
20260805-035427_real,2026-08-05T03:54:27.114996+00:00,real,rf_official+K0,candidate,,,,,,610.8440939285789,,,,0.006108440939285789,0.24813579349250567,0.6894103652610429,0.5477279477129509,0.5172588574582424,0.012264658057526301,-366.7098434238181,84.25409261371881,0.0,3,0.0,False,,,
20260805-035427_real,2026-08-05T03:54:27.114996+00:00,real,rf_official+K3_ex,candidate,,,,,,582.8467658433478,,,,0.005828467658433478,0.2482055181227508,0.6895571982423107,0.5477279477129509,0.4998746931359474,-0.005119506264768777,-157.7745854102716,145.66284634802693,13.83140031172212,3,-27.99732808523106,False,,,
20260805-035427_real,2026-08-05T03:54:27.114996+00:00,real,rf_official+K4_w0,candidate,,,,,,554.9241920244382,,,,0.0055492419202443815,0.2482726031968265,0.6897044607203076,0.5514522098637098,0.4845732430182434,-0.02042095638247271,353.96757289954576,259.5566938265459,40.95287054852909,3,-55.919901904140715,False,,,
20260805-035427_real,2026-08-05T03:54:27.114996+00:00,real,hgb82+K0,candidate,,,,,,468.57287750913247,,,,0.004685728775091325,0.24849201022137968,0.6902691597040221,0.5488440020444251,0.5164151037415,0.011420904340783892,-703.5426350108786,-631.4132523897713,23.286942649403727,3,-142.27121641944643,False,,,
20260805-035427_real,2026-08-05T03:54:27.114996+00:00,real,hgb82+K3_flat,candidate,,,,,,466.7587124268105,,,,0.004667587124268105,0.24849646045368376,0.6902737767499723,0.5488440020444251,0.5109866960948465,0.005992496694130323,-652.7070411567676,-486.4617718088696,25.957021095325672,3,-144.08538150176838,False,,,
20260805-035427_real,2026-08-05T03:54:27.114996+00:00,real,hgb82+K3_hedge,candidate,,,,,,456.9124894653924,,,,0.004569124894653924,0.24852111766604823,0.6903197934702975,0.5488440020444251,0.5052243721475177,0.00023017274680153799,-617.2212393838137,-478.6916445817487,27.0395798084497,3,-153.9316044631865,False,,,
20260805-035427_real,2026-08-05T03:54:27.114996+00:00,real,hgb82+K4_w0,candidate,,,,,,407.71908847879735,,,,0.004077190884787973,0.2486414671382133,0.6906499189238766,0.5515271141237207,0.4845630770228069,-0.02043112237790921,-208.03570653787528,23.387286236364883,49.99140357163773,3,-203.12500544978155,False,,,
20260805-035427_real,2026-08-05T03:54:27.114996+00:00,real,hgb82+K3_ex,candidate,,,,,,407.3188775910267,,,,0.004073188775910267,0.24864487662342738,0.6905685338330585,0.5488440020444251,0.49946377001627984,-0.005530429384436246,-619.4618615118792,-511.0942315011302,29.192065370619503,3,-203.5252163375522,False,,,
20260805-035427_real,2026-08-05T03:54:27.114996+00:00,real,hgb82+K4_w0.5,candidate,,,,,,358.3982452280199,,,,0.003583982452280199,0.24876598291383564,0.6909350316004943,0.5484867446012781,0.4912532521130079,-0.013740947287708213,-599.8630112734642,522.2832934266879,43.31457668835873,3,-252.445848700559,False,,,
20260805-035427_real,2026-08-05T03:54:27.114996+00:00,real,hgb82+K1K3_hedge,candidate,,,,,,346.6122061793678,,,,0.0034661220617936777,0.24879677626145158,0.6910285142858722,0.548366930312349,0.5117389109477607,0.006744711547044664,-1074.0758379636802,6.747092362265562,23.903648593437904,3,-264.2318877492111,False,,,
20260805-035427_real,2026-08-05T03:54:27.114996+00:00,real,rf_official+K1K3_hedge,candidate,,,,,,339.5870509243134,,,,0.0033958705092431343,0.24881386780293624,0.6918612557434122,0.5469664461078967,0.5085246191124547,0.003530419711738527,-1224.5569436879305,345.83636945674976,19.480977668631883,3,-271.2570430042655,False,,,
20260805-035427_real,2026-08-05T03:54:27.114996+00:00,real,rf_official+K1K3_flat,candidate,,,,,,336.86588694032577,,,,0.003368658869403258,0.24882068948688632,0.6918913808662596,0.5469664461078967,0.5142642050392108,0.009270005638494672,-1336.5872353585476,346.32043207624884,18.047008865953174,3,-273.97820698825313,False,,,
20260805-035427_real,2026-08-05T03:54:27.114996+00:00,real,rf_official+K1_iso,candidate,,,,,,336.86588691921685,,,,0.0033686588691921684,0.248820689486939,0.6918913808663855,0.5469664461078967,0.514264205044087,0.009270005643370938,-1336.587235481205,346.32043205887004,18.047013123703803,3,-273.97820700936205,False,,,
20260805-035427_real,2026-08-05T03:54:27.114996+00:00,real,hgb82+K1K3_ex,candidate,,,,,,327.13701315149063,,,,0.003271370131514906,0.24884530425278825,0.69111834922144,0.548366930312349,0.5060001499536824,0.0010059505529662245,-1015.3562066048745,-23.863236200753345,25.681263424219036,3,-283.70708077708827,False,,,
20260805-035427_real,2026-08-05T03:54:27.114996+00:00,real,hgb82+K1K3_flat,candidate,,,,,,326.53780700559656,,,,0.0032653780700559656,0.24884685634585135,0.6911400368374238,0.548366930312349,0.5174776772591465,0.012483477858430384,-1169.6036877563413,-3.1712503134162326,23.313472616766393,3,-284.30628692298234,False,,,
20260805-035427_real,2026-08-05T03:54:27.114996+00:00,real,hgb82+K1_iso,candidate,,,,,,326.53780696475513,,,,0.0032653780696475514,0.24884685634595335,0.6911400368376523,0.548366930312349,0.5174776772640691,0.01248347786335304,-1169.6036879064768,-3.1712503584283716,23.313472981871943,3,-284.30628696382377,False,,,
20260805-035427_real,2026-08-05T03:54:27.114996+00:00,real,rf_official+K1K3_ex,candidate,,,,,,302.9029725463224,,,,0.003029029725463224,0.248905294293442,0.6920331820115194,0.5469664461078967,0.5027865231824183,-0.002207676218297816,-1148.8108253370099,304.9675375565478,22.026255035961245,3,-307.9411213822565,False,,,
20260805-035427_real,2026-08-05T03:54:27.114996+00:00,real,rf_official+K1K4_w1,candidate,,,,,,278.0091478052027,,,,0.002780091478052027,0.2489671020788952,0.6922051844473875,0.5479971823522879,0.5012865285932909,-0.0037076708074251785,-1095.9590011987837,414.547469521409,26.904393799225957,3,-332.8349461233762,False,,,
20260805-035427_real,2026-08-05T03:54:27.114996+00:00,real,hgb82+K1K4_w1,candidate,,,,,,217.82360597252622,,,,0.002178236059725262,0.24911749415868356,0.6918030796841972,0.5476279407223017,0.5044719957313343,-0.0005222036693819007,-1256.6788936981377,280.40824506183617,32.88712186984086,3,-393.02048795605265,False,,,
20260805-035427_real,2026-08-05T03:54:27.114996+00:00,real,rf_official+K4_w1,candidate,,,,,,211.93641885787943,,,,0.0021193641885787944,0.24913247823827325,0.6916048686497009,0.5480574919303148,0.4980373290134738,-0.006956870387242335,-1378.3955511804631,520.9862650550086,31.517693673893536,3,-398.9076750706995,False,,,
20260805-035427_real,2026-08-05T03:54:27.114996+00:00,real,rf_official+K2_flat,candidate,,,,,,-53.98245619030459,,,,-0.0005398245619030458,0.2500389074294638,0.6933411545685226,0.5343069684833656,0.5008925380817364,0.007861460743124216,-2263.154054686889,-515.7969320268908,7.82627346052961,2,-664.8265501188835,False,,,
20260805-035427_real,2026-08-05T03:54:27.114996+00:00,real,rf_official+K2_hedge,candidate,,,,,,-60.734449752253255,,,,-0.0006073444975225325,0.2500557669174018,0.6933734309956725,0.5343069684833656,0.49750872619647357,0.0044776488578614215,-2202.117813849447,-490.2455295301422,10.513996952767974,2,-671.5785436808321,False,,,
20260805-035427_real,2026-08-05T03:54:27.114996+00:00,real,rf_official+K2_ex,candidate,,,,,,-82.72057839391334,,,,-0.0008272057839391335,0.25011068262952746,0.693482329752187,0.5343069684833656,0.494127708514437,0.0010966311758248415,-2156.389008754428,-479.5929068224347,13.19952147659243,2,-693.5646723224922,False,,,
20260805-035427_real,2026-08-05T03:54:27.114996+00:00,real,hgb82+K4_w1,candidate,,,,,,-232.46285244079567,,,,-0.0023246285244079568,0.2502424032764438,0.694352312606718,0.5476143980231177,0.4977221362825391,-0.007272063118176982,-2865.3985106219084,401.78239962572746,46.33358328344999,3,-843.3069463693746,False,,,
20260805-035427_real,2026-08-05T03:54:27.114996+00:00,real,hgb82+K2_flat,candidate,,,,,,-353.95417636927556,,,,-0.0035395417636927555,0.2507889963628621,0.6950521857160348,0.5357062806019436,0.4958735921703501,0.0028425148317380022,-3022.35495165456,-1363.6489208768808,27.103577060898367,2,-964.7982702978545,False,,,
20260805-035427_real,2026-08-05T03:54:27.114996+00:00,real,hgb82+K2_hedge,candidate,,,,,,-380.69476843126114,,,,-0.0038069476843126115,0.25085579055397866,0.6951842235101262,0.5357062806019436,0.492478054238422,-0.0005530231001901198,-3015.97700248476,-1332.8654613227409,28.808090567268827,2,-991.5388623598401,False,,,
20260805-035427_real,2026-08-05T03:54:27.114996+00:00,real,hgb82+K2_ex,candidate,,,,,,-422.72791201248833,,,,-0.004227279120124884,0.25096078689361295,0.6953939009270074,0.5357062806019436,0.4890860176780764,-0.00394505966053571,-3024.755655475547,-1316.6819791551875,30.689433978435236,2,-1033.5720059410673,False,,,
20260805-035427_real,2026-08-05T03:54:27.114996+00:00,real,rf_official+K1K2_ex,candidate,,,,,,-511.5739837098787,,,,-0.005115739837098787,0.25118274460373297,0.697248169584687,0.5333207198434791,0.4986853928570377,0.005654315518425573,-3735.3027527579243,-442.92182359220163,18.44068032896559,2,-1122.4180776384576,False,,,
20260805-035427_real,2026-08-05T03:54:27.114996+00:00,real,rf_official+K1K2_hedge,candidate,,,,,,-514.5754603700036,,,,-0.005145754603700036,0.25119024834635906,0.6972662540452208,0.5333207198434791,0.5020463091867772,0.00901523184816505,-3808.1135749144405,-457.23765807401674,16.811156981607873,2,-1125.4195542985826,False,,,
20260805-035427_real,2026-08-05T03:54:27.114996+00:00,real,rf_official+K1K2_flat,candidate,,,,,,-532.6174023516817,,,,-0.0053261740235168165,0.25123532450865693,0.6973578947276547,0.5333207198434791,0.5054085360156294,0.012377458677017256,-3895.9819675012272,-486.61844130348794,15.668271956056966,2,-1143.4614962802607,False,,,
20260805-035427_real,2026-08-05T03:54:27.114996+00:00,real,hgb82+K1K2_ex,candidate,,,,,,-548.5648320132042,,,,-0.005485648320132042,0.2512753682968519,0.696249553378085,0.5351416099519615,0.4985016760033746,0.005470598664762488,-3615.795674773059,-611.5594207890429,25.081097871268227,2,-1159.408925941783,False,,,
20260805-035427_real,2026-08-05T03:54:27.114996+00:00,real,hgb82+K1K2_hedge,candidate,,,,,,-549.9973550754155,,,,-0.005499973550754155,0.2512789525068323,0.6962612706231709,0.5351416099519615,0.5018650237851204,0.00883394644650834,-3662.4575568814766,-630.4046147471155,23.799232230123266,2,-1160.8414490039945,False,,,
20260805-035427_real,2026-08-05T03:54:27.114996+00:00,real,hgb82+K1K2_flat,candidate,,,,,,-566.5175367208508,,,,-0.005665175367208508,0.2513202270272563,0.6963484352368374,0.5351416099519615,0.5052294528349286,0.012198375496316471,-3724.1714325304433,-664.330003192326,22.938238839126264,2,-1177.3616306494296,False,,,
20260805-035427_real,2026-08-05T03:54:27.114996+00:00,real,rf_official+K3_ORACLE,oracle,,,,,,623.827637999345,,,,0.00623827637999345,0.24810329548268864,0.689299903935975,0.5477279477129509,0.49581511481830737,-0.00917908458240868,338.71325609542043,219.85192347287648,17.43853194685435,3,12.98354407076613,False,,,
20260805-035427_real,2026-08-05T03:54:27.114996+00:00,real,hgb82+K3_ORACLE,oracle,,,,,,430.29393194194955,,,,0.004302939319419496,0.2485875535402935,0.6903615549403342,0.5488440020444251,0.49536529921858813,-0.00962890018212803,-151.2488341983771,-451.4608320667672,31.840749592485157,3,-180.55016198662935,False,,,
20260805-035427_real,2026-08-05T03:54:27.114996+00:00,real,hgb82+K1K3_ORACLE,oracle,,,,,,361.0536558408446,,,,0.003610536558408446,0.24876062731634452,0.6908437621245422,0.548366930312349,0.5019129023873777,-0.003081297013338369,-540.1352090355749,43.101235699039044,28.001805092173267,3,-249.7904380877343,False,,,
20260805-035427_real,2026-08-05T03:54:27.114996+00:00,real,rf_official+K1K3_ORACLE,oracle,,,,,,338.01851789082576,,,,0.0033801851789082575,0.24881781410008896,0.6917781216591777,0.5469664461078967,0.49870055592610285,-0.006293643474613253,-686.8193428886003,368.05538311820055,25.167958294238673,3,-272.82557603775314,False,,,
20260805-035427_real,2026-08-05T03:54:27.114996+00:00,real,const_ORACLE,oracle,,,,,,-1.4802973661668755e-11,,,,-1.4802973661668756e-16,0.2496568442914072,0.6924605412412905,0.5,0.5049941994007162,7.401486830834377e-17,-391.34271267413646,,39.73746054621137,3,-610.8440939285937,False,,,
20260805-035427_real,2026-08-05T03:54:27.114996+00:00,real,rf_official+K2_ORACLE,oracle,,,,,,-83.61753403739456,,,,-0.0008361753403739456,0.25011290678326503,0.6934280482122899,0.5343069684833656,0.4793902231594075,-0.013640854179204631,-1461.5756748618592,-468.66706668652336,25.10994449949096,2,-694.4616279659734,False,,,
20260805-035427_real,2026-08-05T03:54:27.114996+00:00,real,const_hedge,reference,,,,,,-121.28041075591216,,,,-0.0012128041075591216,0.2499599780740024,0.6930677538412603,0.5,0.5147545624977775,0.009760363097061409,-881.7818782240897,,38.29873151678991,3,-732.1245046844911,False,,,
20260805-035427_real,2026-08-05T03:54:27.114996+00:00,real,const_flat,reference,,,,,,-139.42752918373694,,,,-0.0013942752918373693,0.2500053471672434,0.6931585394118075,0.5,0.5205464284077009,0.01555222900698485,-843.5253544746057,,38.05679809132711,3,-750.2716231123159,False,,,
20260805-035427_real,2026-08-05T03:54:27.114996+00:00,real,const_ex,reference,,,,,,-143.5079541402873,,,,-0.001435079541402873,0.2500152728548315,0.6931784414888217,0.5,0.5089626965878543,0.003968497187138116,-960.8614936125267,,39.348804624973496,3,-754.3520480688662,False,,,
20260805-035427_real,2026-08-05T03:54:27.114996+00:00,real,hgb82+K2_ORACLE,oracle,,,,,,-467.9887954795903,,,,-0.004679887954795903,0.25107391095523884,0.6954965875154939,0.5357062806019436,0.4743379479541182,-0.01869312938449394,-2335.4173035319222,-1360.3764840770082,37.36170936714265,2,-1078.8328894081692,False,,,
20260805-035427_real,2026-08-05T03:54:27.114996+00:00,real,rf_official+K1K2_ORACLE,oracle,,,,,,-533.5786292493373,,,,-0.005335786292493373,0.25123775132309456,0.6972169746496992,0.5333207198434791,0.4839573029050015,-0.009073774433610626,-2954.7083051104983,-451.2203277754368,26.215034307477204,2,-1144.4227231779162,False,,,
20260805-035427_real,2026-08-05T03:54:27.114996+00:00,real,hgb82+K1K2_ORACLE,oracle,,,,,,-574.50066891645,,,,-0.005745006689164499,0.25134020221381426,0.6962236624334992,0.5351416099519615,0.4837781538190225,-0.009252923519589618,-2855.9667788590705,-643.5198297727096,31.272444477453753,2,-1185.344762845029,False,,,
20260805-140728_real,2026-08-05T14:07:28.454319+00:00,real,glm_offset_hgb+K0,candidate,,752.0939060091538,-760.6300738326681,1601.6169105642236,-0.026138637905982032,843.4121943776739,959.2611761582139,719.0599273270617,12.727783412958033,0.00843412194377674,0.24660742368194,0.6863445398026233,0.5565430214115898,0.5210636983534678,0.0011505474445384217,1151.3396486740237,286.7514808850751,19.405287254043547,4,245.31194466783018,True,,,
20260805-140728_real,2026-08-05T14:07:28.454319+00:00,real,hgb82_reg_avg3+K0,candidate,,742.5612319373811,-1181.0505747710279,1563.1257912273204,-0.02734622696857858,718.9839567189132,851.9891994572483,701.3680419586409,256.9112451604267,0.0071898395671891316,0.2469178904525574,0.6870324461585005,0.5562332402212438,0.5215425504980176,0.0016293995890881569,909.4318921329472,13.619848392348786,19.22388080048578,4,235.77927059605747,True,,,
20260805-140728_real,2026-08-05T14:07:28.454319+00:00,real,hgb82_reg+K0,candidate,,742.5154077017977,-1191.6991302561823,1551.736221286339,-0.027188047139296456,714.6040994359864,846.4106127253968,692.8035630121583,250.03895157778118,0.007146040994359865,0.2469287580653251,0.6870517660768105,0.5559392053165433,0.5215456312884017,0.0016324803794723342,866.7198499219837,-9.775568604292175,19.714309358027453,4,235.7334463604741,True,,,
20260805-140728_real,2026-08-05T14:07:28.454319+00:00,real,hgb82+K0,candidate,,703.5161739994832,-1278.0885390053963,1557.4027571403662,-0.02734450692289292,664.7360080662495,799.8265534714977,651.7764812872216,195.18956452140588,0.006647360080662495,0.24705329251875735,0.6873167867945364,0.5547282742738935,0.5216427024337941,0.0017295515248646892,839.0623156803802,-132.78211901570637,22.4470669250058,4,196.73421265815955,True,,,
20260805-140728_real,2026-08-05T14:07:28.454319+00:00,real,glm_offset_hgb+K1_iso,candidate,,593.9841404809882,-1154.517306718748,1379.7741119879768,-0.028240160874560827,619.9328547664223,746.4437279681699,644.3225997361398,85.75698252653403,0.0061993285476642235,0.2471630176029734,0.6877804352926303,0.5555537629519073,0.5209233720615407,0.001010221152611332,742.1975805627303,526.5863817304373,23.21942852133032,4,87.20217913966462,True,,,
20260805-140728_real,2026-08-05T14:07:28.454319+00:00,real,hgb82_reg_avg3+K1_iso,candidate,,561.3763463833578,-1476.892778327054,1375.5082753608986,-0.028336416759630945,151.32855709783232,320.48135889360924,625.7023722219687,-1701.4374749892886,0.001513285570978323,0.24833134198014079,0.7296385250496159,0.5550746677536966,0.524600969984093,0.004687819075163524,-294.37657737881466,416.3478994423764,30.322845974568274,4,54.59438504203422,True,,,
20260805-140728_real,2026-08-05T14:07:28.454319+00:00,real,hgb82_reg+K1_iso,candidate,,554.4674670637982,-1483.2011718417448,1372.9386687528702,-0.028498850273929066,161.8887338860509,334.04096226628155,616.838512325176,-1685.72744486437,0.001618887338860509,0.2483050088067053,0.7280693197471132,0.5551174003551255,0.5246942244827927,0.004781073573863273,-292.467552243976,383.61243088525515,30.08223920532682,4,47.685505722474545,True,,,
20260805-140728_real,2026-08-05T14:07:28.454319+00:00,real,hgb82+K1_iso,candidate,,516.7495700041604,-1505.9436546732309,1348.8565166418423,-0.02884835620260018,497.4788121537455,640.5667160785026,581.0918016120404,190.00233694306547,0.0049747881215374545,0.24746871445145907,0.688309161536939,0.5542562648697101,0.5220636702557941,0.002150519346864735,602.5296534684798,262.4422871262716,22.6557593301452,4,9.967608662836824,True,,,
20260805-140728_real,2026-08-05T14:07:28.454319+00:00,real,rf_official+K0,candidate,,506.7819613413236,-495.6254885105759,1449.6727226634102,-0.021356465168163807,774.1654094140542,884.7750057456072,625.4368671096547,-137.57117850301796,0.007741654094140542,0.2467794290060939,0.6866570684015971,0.5536887517865481,0.5237725281600332,0.003859377251103774,1007.3284543365337,405.19495084036515,0.0,4,0.0,False,,,
20260805-140728_real,2026-08-05T14:07:28.454319+00:00,real,rf_official+K1_iso,candidate,,362.11893214286783,-1288.9499766419576,1370.1035017070494,-0.02345425967899739,539.2291469093952,632.0639490537696,574.1287835525164,-55.252212775582194,0.0053922914690939525,0.24736550075026942,0.6886763584029881,0.5530466415674371,0.5210020902217083,0.0010889393127788555,475.4673885827249,530.5162569353788,16.293811065842252,4,-144.66302919845577,False,,,
20260805-140728_real,2026-08-05T14:07:28.454319+00:00,real,glm_offset_hgb+RC,candidate,,359.5518685189008,-863.9139417864776,1318.749939264147,-0.027915324002186548,613.5967611290705,734.7886631985593,582.7364065435911,-233.07843340454076,0.006135967611290705,0.2471781006590651,0.6875576813502098,0.5520540108983266,0.5210116074329152,0.0010984565239856858,694.0760899064194,639.9094339974348,19.588271090886412,4,-147.23009282242282,False,,,
20260805-140728_real,2026-08-05T14:07:28.454319+00:00,real,hgb82+RC,candidate,,323.5206522199123,-1130.325295000794,1259.9797776384662,-0.02901790857546338,494.4140023138588,629.0876201151871,533.5614432872482,-197.74730539990694,0.004944140023138588,0.24747505177432116,0.6881655212249584,0.5504468169132793,0.5210872209276999,0.0011740700187704428,431.51879439371646,491.5891428018626,19.968677611217245,4,-183.26130912141133,False,,,
20260805-140728_real,2026-08-05T14:07:28.454319+00:00,real,hgb82_reg_avg3+RC,candidate,,320.68679406578343,-1263.580117516908,1260.8384113602958,-0.029093642256370122,474.59455454329225,611.0388964952606,559.4336571100611,-136.59256841959402,0.0047459455454329225,0.2475246946169537,0.6883163980343161,0.5513728787773708,0.5214192789738286,0.001506128064899151,364.567721849891,541.011717001716,20.594182093523372,4,-186.09516727554018,False,,,
20260805-140728_real,2026-08-05T14:07:28.454319+00:00,real,hgb82_reg+RC,candidate,,316.98943524535747,-1234.7708273399007,1252.4855107716855,-0.029172804614701953,476.938971519461,615.0277573558551,550.7149526601962,-143.010631865634,0.00476938971519461,0.24751871230026498,0.6882919698445918,0.5510506793669494,0.5215663741473301,0.0016532232384006834,351.2119294275812,527.3896195292671,20.633227474041934,4,-189.79252609596614,False,,,
20260805-140728_real,2026-08-05T14:07:28.454319+00:00,real,rf_official+RC,candidate,,301.2099443741242,-1279.4708982912152,1371.5733157485538,-0.023523534643979382,506.4323112881713,603.1059667400216,540.4191178033747,-321.09743091512513,0.0050643231128817134,0.24744730100348628,0.6881863707752274,0.5514281411470593,0.5219391030970466,0.0020259521881172,386.9254427436374,607.2216896276962,16.583771074656983,4,-205.57201696719943,False,,,
20260805-140728_real,2026-08-05T14:07:28.454319+00:00,real,const_ORACLE,oracle,,-4.4408920985006255e-11,-4.4408920985006255e-11,3.3306690738754716e-11,2.220446049250313e-16,-2.7755575615628914e-12,-2.7755575615628784e-12,2.9388047551037744e-11,4.504840944719035e-12,-2.7755575615628914e-17,0.2486970808178609,0.6905352266102539,0.5,0.5199131509089295,1.1102230246251565e-16,1.1151968237754772e-11,,40.235822800096,4,-506.781961341368,False,,,
20260805-140728_real,2026-08-05T14:07:28.454319+00:00,real,const_prev,reference,,1.06439301816863e-11,-2.808064891723916e-11,-2.808064891723916e-11,-0.03195830837473346,-208.44163528577764,-9.910072762409072e-12,4.222400207254395e-12,-8.01492205937393e-12,-0.0020844163528577764,0.2492137913432817,0.6915733839355769,0.5,0.5235877455704847,0.003674594661555272,-4.291678123991005e-12,,38.04487350517576,4,-506.781961341313,False,,,
20260805-140812_real,2026-08-05T14:08:12.467950+00:00,real,glm_offset_hgb+K0,candidate,,752.0939060091538,-760.6300738326681,1601.6169105642236,-0.026138637905982032,843.4121943776739,959.2611761582139,719.0599273270617,12.727783412958033,0.00843412194377674,0.24660742368194,0.6863445398026233,0.5565430214115898,0.5210636983534678,0.0011505474445384217,1151.3396486740237,286.7514808850751,19.405287254043547,4,245.31194466783018,True,,,
20260805-140812_real,2026-08-05T14:08:12.467950+00:00,real,hgb82_reg_avg3+K0,candidate,,742.5612319373811,-1181.0505747710279,1563.1257912273204,-0.02734622696857858,718.9839567189132,851.9891994572483,701.3680419586409,256.9112451604267,0.0071898395671891316,0.2469178904525574,0.6870324461585005,0.5562332402212438,0.5215425504980176,0.0016293995890881569,909.4318921329472,13.619848392348786,19.22388080048578,4,235.77927059605747,True,,,
20260805-140812_real,2026-08-05T14:08:12.467950+00:00,real,hgb82_reg+K0,candidate,,742.5154077017977,-1191.6991302561823,1551.736221286339,-0.027188047139296456,714.6040994359864,846.4106127253968,692.8035630121583,250.03895157778118,0.007146040994359865,0.2469287580653251,0.6870517660768105,0.5559392053165433,0.5215456312884017,0.0016324803794723342,866.7198499219837,-9.775568604292175,19.714309358027453,4,235.7334463604741,True,,,
20260805-140812_real,2026-08-05T14:08:12.467950+00:00,real,glm_offset_hgb+RC2,candidate,,718.1830784348334,-801.9722991430699,,,-144.1781831502176,-41.89461035411824,650.7033471345383,276.18300466061027,-0.001441781831502176,0.2502645663014803,0.693937030848641,0.5382706100647741,0.5080430400923942,0.01501196275378211,-1133.6373381173037,-571.7660610400133,19.12831994404603,2,211.4011170935098,True,,,
20260805-140812_real,2026-08-05T14:08:12.467950+00:00,real,hgb82+K0,candidate,,703.5161739994832,-1278.0885390053963,1557.4027571403662,-0.02734450692289292,664.7360080662495,799.8265534714977,651.7764812872216,195.18956452140588,0.006647360080662495,0.24705329251875735,0.6873167867945364,0.5547282742738935,0.5216427024337941,0.0017295515248646892,839.0623156803802,-132.78211901570637,22.4470669250058,4,196.73421265815955,True,,,
20260805-140812_real,2026-08-05T14:08:12.467950+00:00,real,hgb82_reg_avg3+RC2,candidate,,675.0021438119134,-1130.1130939302498,,,-354.28932811774615,-227.5554750591682,630.4888704906185,316.42096537333043,-0.0035428932811774616,0.2507897901538292,0.6950929523619833,0.5372578366963909,0.5098656467572673,0.016834569418655188,-1741.1157148057691,-746.4577504512349,18.971389732821642,2,168.22018247058975,True,,,
20260805-140812_real,2026-08-05T14:08:12.467950+00:00,real,hgb82_reg+RC2,candidate,,674.8306772777205,-1095.0415241020153,,,-340.2939648696979,-210.1054234121474,616.932997035457,301.37781065234554,-0.003402939648696979,0.25075480108318565,0.695002866367906,0.5368751529269687,0.5100700400523033,0.017038962713691125,-1746.8258987417532,-752.6206311008309,18.943420686559797,2,168.0487159363969,True,,,
20260805-140812_real,2026-08-05T14:08:12.467950+00:00,real,hgb82+RC2,candidate,,660.1611608850686,-885.2758909149939,,,-243.07937300949158,-112.55736501496261,599.3631778231684,249.07876736602174,-0.0024307937300949156,0.25051174606718124,0.6944304334141962,0.5362741768828528,0.5102134715869893,0.017182394248377142,-1392.5679478763163,-640.0354132490072,18.709298720260463,2,153.37919954374502,True,,,
20260805-140812_real,2026-08-05T14:08:12.467950+00:00,real,glm_offset_hgb+K1_iso,candidate,,593.9841404809882,-1154.517306718748,1379.7741119879768,-0.028240160874560827,619.9328547664223,746.4437279681699,644.3225997361398,85.75698252653403,0.0061993285476642235,0.2471630176029734,0.6877804352926303,0.5555537629519073,0.5209233720615407,0.001010221152611332,742.1975805627303,526.5863817304373,23.21942852133032,4,87.20217913966462,True,,,
20260805-140812_real,2026-08-05T14:08:12.467950+00:00,real,hgb82_reg_avg3+K1_iso,candidate,,561.3763463833578,-1476.892778327054,1375.5082753608986,-0.028336416759630945,151.32855709783232,320.48135889360924,625.7023722219687,-1701.4374749892886,0.001513285570978323,0.24833134198014079,0.7296385250496159,0.5550746677536966,0.524600969984093,0.004687819075163524,-294.37657737881466,416.3478994423764,30.322845974568274,4,54.59438504203422,True,,,
20260805-140812_real,2026-08-05T14:08:12.467950+00:00,real,hgb82_reg+K1_iso,candidate,,554.4674670637982,-1483.2011718417448,1372.9386687528702,-0.028498850273929066,161.8887338860509,334.04096226628155,616.838512325176,-1685.72744486437,0.001618887338860509,0.2483050088067053,0.7280693197471132,0.5551174003551255,0.5246942244827927,0.004781073573863273,-292.467552243976,383.61243088525515,30.08223920532682,4,47.685505722474545,True,,,
20260805-140812_real,2026-08-05T14:08:12.467950+00:00,real,rf_official+RC2,candidate,,517.6786037332083,-1371.6707427662207,,,-512.7970935232595,-426.99606951650617,592.1780974868077,-13.89034236885118,-0.005127970935232595,0.2511859215531287,0.6959689790318355,0.5344849993155986,0.5069322561573399,0.01390117881872785,-2134.7912617624474,-802.0946616837498,13.380497804409785,2,10.896642391884711,True,,,
20260805-140812_real,2026-08-05T14:08:12.467950+00:00,real,hgb82+K1_iso,candidate,,516.7495700041604,-1505.9436546732309,1348.8565166418423,-0.02884835620260018,497.4788121537455,640.5667160785026,581.0918016120404,190.00233694306547,0.0049747881215374545,0.24746871445145907,0.688309161536939,0.5542562648697101,0.5220636702557941,0.002150519346864735,602.5296534684798,262.4422871262716,22.6557593301452,4,9.967608662836824,True,,,
20260805-140812_real,2026-08-05T14:08:12.467950+00:00,real,rf_official+K0,candidate,,506.7819613413236,-495.6254885105759,1449.6727226634102,-0.021356465168163807,774.1654094140542,884.7750057456072,625.4368671096547,-137.57117850301796,0.007741654094140542,0.2467794290060939,0.6866570684015971,0.5536887517865481,0.5237725281600332,0.003859377251103774,1007.3284543365337,405.19495084036515,0.0,4,0.0,False,,,
20260805-140812_real,2026-08-05T14:08:12.467950+00:00,real,hgb82+RC,candidate,,494.257714992729,-1127.373280574327,1258.948872629458,-0.029031980686026415,540.4481301049314,672.1417143426886,566.7710087802992,-132.57816136613573,0.005404481301049313,0.24736003989098537,0.687934200410857,0.5523056946503689,0.5202615595285298,0.0003484086196004488,498.35504738977824,474.3480935664069,20.031911714095926,4,-12.524246348594602,False,,,
20260805-140812_real,2026-08-05T14:08:12.467950+00:00,real,glm_offset_hgb+RC,candidate,,492.96077971766675,-863.4158255429714,1317.9202239514207,-0.027928560506358946,649.0940779654619,768.2200242223468,608.6312752421073,-179.39401007204913,0.006490940779654619,0.24708941546337368,0.6873792741845599,0.5535145873165885,0.5204260935569395,0.0005129426480100646,752.6713134967383,631.8121490448025,19.60288227453611,4,-13.821181623656855,False,,,
20260805-140812_real,2026-08-05T14:08:12.467950+00:00,real,hgb82_reg+RC,candidate,,485.8593936452562,-1234.2721744468226,1251.7456211068616,-0.029196701382331547,521.9784069899813,657.162717832536,583.2362443293221,-77.68253187154554,0.005219784069899813,0.24740618751759952,0.6880659397217033,0.5529029375139436,0.520741580317376,0.0008284294084465876,415.9082830818249,509.012362108402,20.665794509219396,4,-20.922567696067404,False,,,
20260805-140812_real,2026-08-05T14:08:12.467950+00:00,real,hgb82_reg_avg3+RC,candidate,,483.89778009486776,-1261.7252178010215,1259.7936265094477,-0.02910209848361256,518.9609271290252,652.4684221102143,590.9350885605359,-71.74368664459188,0.005189609271290252,0.24741385385564874,0.6880928742371056,0.5531683279274684,0.5206278482160898,0.0007146973071603113,431.8509809187781,523.1672567536123,20.60492175518594,4,-22.884181246455853,False,,,
20260805-140812_real,2026-08-05T14:08:12.467950+00:00,real,rf_official+RC,candidate,,397.3423974995203,-1277.9958005932967,1369.6026699510144,-0.02351172658372569,533.2484131493565,626.5696718935073,560.7875803010816,-276.16000999881,0.0053324841314935645,0.24738029161199265,0.6880519072560625,0.5524296967257076,0.5212068158022709,0.0012936648933415396,429.4701859386752,596.364080805295,16.114380410342022,4,-109.4395638418033,False,,,
20260805-140812_real,2026-08-05T14:08:12.467950+00:00,real,rf_official+K1_iso,candidate,,362.11893214286783,-1288.9499766419576,1370.1035017070494,-0.02345425967899739,539.2291469093952,632.0639490537696,574.1287835525164,-55.252212775582194,0.0053922914690939525,0.24736550075026942,0.6886763584029881,0.5530466415674371,0.5210020902217083,0.0010889393127788555,475.4673885827249,530.5162569353788,16.293811065842252,4,-144.66302919845577,False,,,
20260805-140812_real,2026-08-05T14:08:12.467950+00:00,real,const_ORACLE,oracle,,-4.4408920985006255e-11,-4.4408920985006255e-11,3.3306690738754716e-11,2.220446049250313e-16,-2.7755575615628914e-12,-2.7755575615628784e-12,2.9388047551037744e-11,4.504840944719035e-12,-2.7755575615628914e-17,0.2486970808178609,0.6905352266102539,0.5,0.5199131509089295,1.1102230246251565e-16,1.1151968237754772e-11,,40.235822800096,4,-506.781961341368,False,,,
20260805-140812_real,2026-08-05T14:08:12.467950+00:00,real,const_prev,reference,,1.06439301816863e-11,-2.808064891723916e-11,-2.808064891723916e-11,-0.03195830837473346,-208.44163528577764,-9.910072762409072e-12,4.222400207254395e-12,-8.01492205937393e-12,-0.0020844163528577764,0.2492137913432817,0.6915733839355769,0.5,0.5235877455704847,0.003674594661555272,-4.291678123991005e-12,,38.04487350517576,4,-506.781961341313,False,,,
20260806-092258_real,2026-08-06T09:22:58.973907+00:00,real,glm_offset_hgb_z+K0,candidate,,761.3773824027581,-771.1665191741149,1602.484161223556,-0.026282247918109403,850.9633014747443,964.0403574835785,732.0734692808413,26.554036731316614,0.008509633014747444,0.24658857198826983,0.6863112359555985,0.5569652234555353,0.5206853258669909,0.0007721749580615472,1154.5977569375261,299.91636876525445,19.59496651901284,4,254.59542106143454,True,,,
20260806-092258_real,2026-08-06T09:22:58.973907+00:00,real,glm_offset_hgb+K0,candidate,,754.6498495711339,-758.3701595679547,1609.6930940694724,-0.025836682800658872,850.5558333562201,962.8499203960226,729.7964058467386,13.568391843784156,0.0085055583335622,0.2465897163546369,0.6863107670927444,0.5569097101041915,0.5212242623731402,0.0013111114642107985,1163.1818337513375,298.4911679540153,19.394238493069185,4,247.86788822981032,True,,,
20260806-092258_real,2026-08-06T09:22:58.973907+00:00,real,glm_offset_hgb_z+RC2,candidate,,720.4836639270745,-815.2400473713941,,,-149.09237579078808,-47.378191722159784,661.4032070149904,269.58663891154805,-0.0014909237579078809,0.25027685827884444,0.6939755833872792,0.5385581997606004,0.5078423361987057,0.014811258860093601,-1192.4548236251771,-578.5178288941539,19.48062665088502,2,213.70170258575092,True,,,
20260806-092258_real,2026-08-06T09:22:58.973907+00:00,real,glm_offset_hgb+RC2,candidate,,714.9425161207707,-794.1572823899543,,,-141.21598859208603,-39.60738313459177,659.5958526604451,251.933025171015,-0.0014121598859208604,0.25025715573144874,0.6939246477670192,0.5385981205937227,0.5080709581468223,0.015039880808210199,-1147.385260865427,-538.9805308262941,19.126754788116912,2,208.16055477944712,True,,,
20260806-092258_real,2026-08-06T09:22:58.973907+00:00,real,glm_offset_hgb_z+K1_iso,candidate,,604.7833207886051,-1194.956603697776,1397.2414827302123,-0.03041294151661733,459.41650498388117,611.6093169682252,655.9570341578009,-914.7619695907106,0.004594165049838812,0.24756271808446267,0.7051897356912262,0.5561342892090875,0.5216191192118848,0.001705968302955413,374.73755134237297,534.2628960316065,27.11778935856797,4,98.00135944728152,True,,,
20260806-092258_real,2026-08-06T09:22:58.973907+00:00,real,glm_offset_hgb+K1_iso,candidate,,595.4372375378293,-1222.128897271242,1413.0328525411453,-0.029729501646850398,540.4676090391747,684.4911125812713,650.9456814291491,-308.18620097519295,0.005404676090391747,0.24736109603882972,0.6940069544741685,0.5561094220627321,0.5216787203147992,0.001765569405869874,564.595098207112,527.9161878461058,25.103718908728812,4,88.65527619650572,True,,,
20260806-092258_real,2026-08-06T09:22:58.973907+00:00,real,rf_official+RC2,candidate,,517.6786037332074,-1371.670742766243,,,-512.7970935232706,-426.99606951651776,592.1780974868072,-13.890342368830943,-0.005127970935232706,0.2511859215531287,0.6959689790318356,0.5344849993155986,0.5069322561573399,0.013901178818727794,-2134.7912617624534,-802.0946616837498,13.380497804409782,2,10.896642391883802,True,,,
20260806-092258_real,2026-08-06T09:22:58.973907+00:00,real,rf_official+K0,candidate,,506.7819613413236,-495.6254885105759,1449.6727226634102,-0.021356465168163807,774.1654094140542,884.7750057456072,625.4368671096545,-137.5711785030192,0.007741654094140542,0.2467794290060939,0.6866570684015971,0.5536887517865481,0.5237725281600332,0.003859377251103774,1007.3284543365337,405.19495084036515,0.0,4,0.0,False,,,
20260806-092258_real,2026-08-06T09:22:58.973907+00:00,real,glm_offset_hgb+RC,candidate,,493.2908102723842,-904.6290204269476,1334.9055237626442,-0.028889194447236144,635.5575347493536,760.9513663663477,616.7788464502089,-213.0806373957641,0.006355575347493536,0.2471231324454873,0.6874543861475326,0.5538214014328849,0.5205256978647528,0.0006125469558233565,735.7174533288239,644.27995477013,19.965870399516152,4,-13.491151068939416,False,,,
20260806-092258_real,2026-08-06T09:22:58.973907+00:00,real,glm_offset_hgb_z+RC,candidate,,493.1309717313175,-911.919315701446,1325.099778887706,-0.02936510777753165,634.6949621109015,763.6983689922031,619.6986296685003,-183.239599011919,0.006346949621109015,0.24712514971659694,0.6874609761050462,0.5537992329993757,0.5203443345572183,0.0004311836482888409,726.1404500432486,636.6089022419475,20.096395591072078,4,-13.650989610006093,False,,,
20260806-092258_real,2026-08-06T09:22:58.973907+00:00,real,rf_official+RC,candidate,,397.3423974995203,-1277.9958005932715,1369.602669951012,-0.02351172658372558,533.2484131493592,626.5696718935103,560.7875803010807,-276.160009998819,0.005332484131493591,0.24738029161199265,0.6880519072560625,0.5524296967257076,0.521206815802271,0.0012936648933416228,429.47018593867955,596.3640808053088,16.114380410342218,4,-109.4395638418033,False,,,
20260806-092258_real,2026-08-06T09:22:58.973907+00:00,real,rf_official+K1_iso,candidate,,362.11893214286783,-1288.9499766419576,1370.1035017070474,-0.02345425967899728,539.2291469094007,632.0639490537746,574.1287835525359,-55.25221277559322,0.005392291469094007,0.24736550075026942,0.6886763584029881,0.5530466415674371,0.5210020902217083,0.0010889393127788832,475.46738858272477,530.5162569353789,16.293811065842245,4,-144.66302919845577,False,,,
20260806-092258_real,2026-08-06T09:22:58.973907+00:00,real,const_ORACLE,oracle,,-4.4408920985006255e-11,-4.4408920985006255e-11,3.3306690738754716e-11,2.220446049250313e-16,-2.7755575615628914e-12,-2.7755575615628784e-12,2.9388047551037744e-11,4.504840944719035e-12,-2.7755575615628914e-17,0.2486970808178609,0.6905352266102539,0.5,0.5199131509089295,1.1102230246251565e-16,1.1151968237754772e-11,,40.235822800096,4,-506.781961341368,False,,,
20260806-092258_real,2026-08-06T09:22:58.973907+00:00,real,const_prev,reference,,1.06439301816863e-11,-2.808064891723916e-11,-2.808064891723916e-11,-0.03195830837473346,-208.44163528577764,-9.910072762409072e-12,4.222400207254395e-12,-8.01492205937393e-12,-0.0020844163528577764,0.2492137913432817,0.6915733839355769,0.5,0.5235877455704847,0.003674594661555272,-4.291678123991005e-12,,38.04487350517576,4,-506.781961341313,False,,,
20260806-093718_real,2026-08-06T09:37:18.892330+00:00,real,glm_offset_hgb_pre15+K0,candidate,,754.6498495711339,-758.3701595679547,1609.6930940694724,-0.025836682800658872,850.5558333562201,962.8499203960226,729.7964058467386,13.568391843784156,0.0085055583335622,0.2465897163546369,0.6863107670927444,0.5569097101041915,0.5212242623731402,0.0013111114642107985,1163.1818337513375,298.4911679540153,19.39423849306919,4,247.86788822981032,True,,,
20260806-093718_real,2026-08-06T09:37:18.892330+00:00,real,glm_offset_hgb+K0,candidate,,739.5770915402321,-764.7221140216234,1585.5225426722134,-0.02580172807678982,839.1867361915023,951.8911098520125,714.4534714420581,16.308189801012276,0.008391867361915023,0.24661789449868834,0.686365493067407,0.5564805004050684,0.520993155716124,0.0010800048071945567,1181.1228127207596,342.9470740764357,19.427940307789232,4,232.7951301989085,True,,,
20260806-093718_real,2026-08-06T09:37:18.892330+00:00,real,glm_offset_hgb_pre15+RC2,candidate,,714.9425161207707,-794.1572823899543,,,-141.21598859208603,-39.60738313459177,659.5958526604451,251.933025171015,-0.0014121598859208604,0.25025715573144874,0.6939246477670192,0.5385981205937227,0.5080709581468223,0.015039880808210199,-1147.385260865427,-538.9805308262941,19.126754788116912,2,208.16055477944712,True,,,
20260806-093718_real,2026-08-06T09:37:18.892330+00:00,real,glm_offset_hgb+RC2,candidate,,709.0497126644234,-878.4402535377636,,,-190.35251298766264,-84.69527043667011,638.9818404364437,251.95627728321733,-0.0019035251298766263,0.25037999027489755,0.6941997076679772,0.5381147314650441,0.5083544108070439,0.015323333468431788,-1197.281944786875,-573.4982245910292,19.80773802326901,2,202.2677513230998,True,,,
20260806-093718_real,2026-08-06T09:37:18.892330+00:00,real,glm_offset_hgb_pre15+K1_iso,candidate,,595.4372375378293,-1222.128897271242,1413.0328525411453,-0.029729501646850398,540.4676090391747,684.4911125812713,650.9456814291491,-308.18620097519295,0.005404676090391747,0.24736109603882972,0.6940069544741685,0.5561094220627321,0.5216787203147992,0.001765569405869874,564.595098207112,527.9161878461058,25.103718908728812,4,88.65527619650572,True,,,
20260806-093718_real,2026-08-06T09:37:18.892330+00:00,real,glm_offset_hgb+K1_iso,candidate,,586.1236927653614,-1201.0506162322467,1395.4419654677642,-0.031155712466553243,517.0344671393823,671.371508065326,638.7327716074899,-361.7503255683584,0.005170344671393823,0.24741905373938333,0.6948146428104068,0.5556029312342627,0.5214547551744517,0.00154160426552237,551.3237716110048,551.3689937591215,25.131337452695988,4,79.34173142403779,True,,,
20260806-093718_real,2026-08-06T09:37:18.892330+00:00,real,rf_official+RC2,candidate,,517.6786037332079,-1371.6707427661984,,,-512.7970935232483,-426.99606951649525,592.1780974868075,-13.890342368842141,-0.005127970935232483,0.25118592155312863,0.6959689790318355,0.5344849993155986,0.5069322561573399,0.013901178818727822,-2134.7912617624424,-802.0946616837389,13.38049780440979,2,10.896642391884257,True,,,
20260806-093718_real,2026-08-06T09:37:18.892330+00:00,real,rf_official+K0,candidate,,506.7819613413236,-495.6254885105759,1449.6727226634102,-0.021356465168163807,774.1654094140542,884.7750057456072,625.4368671096518,-137.5711785030192,0.007741654094140542,0.2467794290060939,0.6866570684015971,0.5536887517865481,0.5237725281600332,0.003859377251103774,1007.328454336533,405.1949508403735,0.0,4,0.0,False,,,
20260806-093718_real,2026-08-06T09:37:18.892330+00:00,real,glm_offset_hgb_pre15+RC,candidate,,493.2908102723842,-904.6290204269476,1334.9055237626442,-0.028889194447236144,635.5575347493536,760.9513663663477,616.7788464502089,-213.0806373957641,0.006355575347493536,0.2471231324454873,0.6874543861475326,0.5538214014328849,0.5205256978647528,0.0006125469558233565,735.7174533288239,644.27995477013,19.965870399516152,4,-13.491151068939416,False,,,
20260806-093718_real,2026-08-06T09:37:18.892330+00:00,real,glm_offset_hgb+RC,candidate,,490.07510614005645,-908.312656907642,1326.4246406822117,-0.0296965147814523,627.3609537889357,758.8168016878474,609.0163327048737,-185.47017875928614,0.0062736095378893575,0.24714338033646266,0.6875055789815687,0.553684636887767,0.5203070066312683,0.00039385572233884003,779.9063691392132,662.1356147031549,20.30996290435629,4,-16.70685520126716,False,,,
20260806-093718_real,2026-08-06T09:37:18.892330+00:00,real,rf_official+RC,candidate,,397.3423974995203,-1277.9958005932967,1369.6026699510144,-0.02351172658372569,533.2484131493482,626.5696718934995,560.7875803010811,-276.1600099988243,0.005332484131493481,0.24738029161199265,0.6880519072560626,0.5524296967257076,0.521206815802271,0.0012936648933416228,429.4701859386561,596.3640808053033,16.114380410342537,4,-109.4395638418033,False,,,
20260806-093718_real,2026-08-06T09:37:18.892330+00:00,real,rf_official+K1_iso,candidate,,362.11893214285675,-1288.9499766419576,1370.103501707016,-0.02345425967899739,539.2291469093868,632.0639490537612,574.1287835525275,-55.25221277560115,0.005392291469093868,0.24736550075026945,0.6886763584029881,0.5530466415674371,0.5210020902217083,0.0010889393127788277,475.4673885827207,530.5162569353816,16.29381106584226,4,-144.66302919846686,False,,,
20260806-093718_real,2026-08-06T09:37:18.892330+00:00,real,const_ORACLE,oracle,,-4.4408920985006255e-11,-4.4408920985006255e-11,3.3306690738754716e-11,2.220446049250313e-16,-2.7755575615628914e-12,-2.7755575615628784e-12,2.9388047551037744e-11,4.504840944719035e-12,-2.7755575615628914e-17,0.2486970808178609,0.6905352266102539,0.5,0.5199131509089295,1.1102230246251565e-16,1.1151968237754772e-11,,40.235822800096,4,-506.781961341368,False,,,
20260806-093718_real,2026-08-06T09:37:18.892330+00:00,real,const_prev,reference,,1.06439301816863e-11,-2.808064891723916e-11,-2.808064891723916e-11,-0.03195830837473346,-208.44163528577764,-9.910072762409072e-12,4.222400207254395e-12,-8.01492205937393e-12,-0.0020844163528577764,0.2492137913432817,0.6915733839355769,0.5,0.5235877455704847,0.003674594661555272,-4.291678123991005e-12,,38.04487350517576,4,-506.781961341313,False,,,
20260806-095501_real,2026-08-06T09:55:01.696876+00:00,real,glm_offset_hgb_presf+K0,candidate,,754.6498495711339,-758.3701595679547,1609.6930940694724,-0.025836682800658872,850.5558333562201,962.8499203960226,729.7964058467386,13.568391843784156,0.0085055583335622,0.2465897163546369,0.6863107670927444,0.5569097101041915,0.5212242623731402,0.0013111114642107985,1163.1818337513375,298.4911679540153,19.394238493069185,4,247.86788822981032,True,,,
20260806-095501_real,2026-08-06T09:55:01.696876+00:00,real,glm_offset_hgb+K0,candidate,,746.8328428644845,-776.0785844243829,1579.8344557441883,-0.02347319133249992,850.0773837700676,951.3489542555891,722.2484350559619,0.47496975642273753,0.008500773837700676,0.24659111274471662,0.6863130527314878,0.5565952160181952,0.5217552988130346,0.001842147904105182,1147.712587953424,319.90631391675123,19.457354511779204,4,240.0508815231609,True,,,
20260806-095501_real,2026-08-06T09:55:01.696876+00:00,real,glm_offset_hgb_presf+RC2,candidate,,714.9425161207707,-794.1572823899543,,,-141.21598859208603,-39.60738313459177,659.5958526604451,251.933025171015,-0.0014121598859208604,0.25025715573144874,0.6939246477670192,0.5385981205937227,0.5080709581468223,0.015039880808210199,-1147.385260865427,-538.9805308262941,19.126754788116912,2,208.16055477944712,True,,,
20260806-095501_real,2026-08-06T09:55:01.696876+00:00,real,glm_offset_hgb+RC2,candidate,,709.4695509741834,-845.8766268503045,,,-167.63751235475132,-68.20353793806055,654.6346950946577,256.93579398340233,-0.0016763751235475133,0.25032320218578885,0.6940695815783701,0.5383072313351989,0.5080043923833295,0.014973315044717328,-1213.2785859609712,-540.3309614958496,19.488043249912515,2,202.68758963285984,True,,,
20260806-095501_real,2026-08-06T09:55:01.696876+00:00,real,glm_offset_hgb_presf+K1_iso,candidate,,595.4372375378293,-1222.128897271242,1413.0328525411453,-0.029729501646850398,540.4676090391747,684.4911125812713,650.9456814291491,-308.18620097519295,0.005404676090391747,0.24736109603882972,0.6940069544741685,0.5561094220627321,0.5216787203147992,0.001765569405869874,564.595098207112,527.9161878461058,25.103718908728812,4,88.65527619650572,True,,,
20260806-095501_real,2026-08-06T09:55:01.696876+00:00,real,glm_offset_hgb+K1_iso,candidate,,574.3467114600426,-1219.3683734722292,1358.218000250914,-0.027189563243461667,537.1946307204639,662.4133453900879,644.1194932246624,-420.6233100567425,0.005371946307204639,0.2473693262708559,0.6950806737780889,0.5554241389094048,0.5220012833299214,0.0020881324209919283,529.0565688036471,562.2709994987679,25.167677133837962,4,67.56475011871896,True,,,
20260806-095501_real,2026-08-06T09:55:01.696876+00:00,real,rf_official+RC2,candidate,,517.6786037332083,-1371.6707427662207,,,-512.7970935232595,-426.99606951650617,592.1780974868077,-13.890342368860274,-0.005127970935232595,0.2511859215531287,0.6959689790318356,0.5344849993155986,0.5069322561573399,0.01390117881872785,-2134.7912617624584,-802.0946616837498,13.380497804409748,2,10.896642391884711,True,,,
20260806-095501_real,2026-08-06T09:55:01.696876+00:00,real,rf_official+K0,candidate,,506.7819613413236,-495.6254885105759,1449.6727226634102,-0.021356465168163807,774.1654094140542,884.7750057456072,625.4368671096543,-137.5711785030192,0.007741654094140542,0.2467794290060939,0.6866570684015971,0.5536887517865481,0.5237725281600332,0.003859377251103774,1007.3284543365385,405.19495084036515,0.0,4,0.0,False,,,
20260806-095501_real,2026-08-06T09:55:01.696876+00:00,real,glm_offset_hgb_presf+RC,candidate,,493.2908102723842,-904.6290204269476,1334.9055237626442,-0.028889194447236144,635.5575347493536,760.9513663663477,616.7788464502089,-213.0806373957641,0.006355575347493536,0.2471231324454873,0.6874543861475326,0.5538214014328849,0.5205256978647528,0.0006125469558233565,735.7174533288239,644.27995477013,19.965870399516152,4,-13.491151068939416,False,,,
20260806-095501_real,2026-08-06T09:55:01.696876+00:00,real,glm_offset_hgb+RC,candidate,,491.412928596328,-922.4312419001251,1317.7037231535421,-0.027225345074256002,637.8917554512892,751.858660724022,611.5942871728913,-217.7336753684246,0.006378917554512892,0.2471175561031861,0.6874483299122298,0.5535946081924533,0.5206648458597539,0.000751694950824458,722.2251395752697,655.7985976811758,20.095868400257515,4,-15.369032744995593,False,,,
20260806-095501_real,2026-08-06T09:55:01.696876+00:00,real,rf_official+RC,candidate,,397.3423974995203,-1277.9958005932967,1369.6026699510144,-0.02351172658372569,533.2484131493593,626.56967189351,560.7875803010842,-276.16000999881396,0.005332484131493593,0.24738029161199265,0.6880519072560625,0.5524296967257076,0.5212068158022709,0.0012936648933415118,429.4701859386959,596.364080805295,16.11438041034187,4,-109.4395638418033,False,,,
20260806-095501_real,2026-08-06T09:55:01.696876+00:00,real,rf_official+K1_iso,candidate,,362.1189321428676,-1288.9499766419353,1370.1035017070383,-0.02345425967899739,539.2291469094035,632.063949053778,574.1287835525276,-55.25221277560661,0.005392291469094036,0.24736550075026942,0.6886763584029881,0.5530466415674371,0.5210020902217083,0.0010889393127788416,475.4673885827144,530.5162569353788,16.293811065842256,4,-144.663029198456,False,,,
20260806-095501_real,2026-08-06T09:55:01.696876+00:00,real,const_ORACLE,oracle,,-4.4408920985006255e-11,-4.4408920985006255e-11,3.3306690738754716e-11,2.220446049250313e-16,-2.7755575615628914e-12,-2.7755575615628784e-12,2.9388047551037744e-11,4.504840944719035e-12,-2.7755575615628914e-17,0.2486970808178609,0.6905352266102539,0.5,0.5199131509089295,1.1102230246251565e-16,1.1151968237754772e-11,,40.235822800096,4,-506.781961341368,False,,,
20260806-095501_real,2026-08-06T09:55:01.696876+00:00,real,const_prev,reference,,1.06439301816863e-11,-2.808064891723916e-11,-2.808064891723916e-11,-0.03195830837473346,-208.44163528577764,-9.910072762409072e-12,4.222400207254395e-12,-8.01492205937393e-12,-0.0020844163528577764,0.2492137913432817,0.6915733839355769,0.5,0.5235877455704847,0.003674594661555272,-4.291678123991005e-12,,38.04487350517576,4,-506.781961341313,False,,,
20260806-103859_real,2026-08-06T10:38:59.250482+00:00,real,glm_offset_hgb+K0,candidate,,766.0723408420912,-750.6149246397626,1598.6282124691518,-0.02161419568995715,878.3697954131003,968.8490918723687,730.2329672210019,44.303771159856694,0.008783697954131003,0.24652095942668867,0.6861642144746488,0.5569622486647615,0.5219833420383724,0.002070191129442983,1173.625540061248,331.85897009640473,,4,,False,,,
20260806-103859_real,2026-08-06T10:38:59.250482+00:00,real,glm_offset_hgb_notm+K0,candidate,,754.6498495711339,-758.3701595679547,1609.6930940694724,-0.025836682800658872,850.5558333562201,962.8499203960226,729.7964058467386,13.568391843784156,0.0085055583335622,0.2465897163546369,0.6863107670927444,0.5569097101041915,0.5212242623731402,0.0013111114642107985,1163.1818337513375,298.4911679540153,,4,,False,,,
20260806-103859_real,2026-08-06T10:38:59.250482+00:00,real,glm_offset_hgb+RC2,candidate,,720.5157221456427,-856.7170130368951,,,-168.64030886206695,-68.10064544562618,657.4655924285158,241.6728024402717,-0.0016864030886206693,0.2503257198937317,0.6940856482698436,0.5386402294205824,0.5080718676017935,0.01504079026318128,-1295.5325712121773,-561.867613765299,,2,,False,,,
20260806-103859_real,2026-08-06T10:38:59.250482+00:00,real,hgb82_reg+K0,candidate,,718.8933722981411,-1203.768854553054,1561.6184531929487,-0.022548667191364946,737.8185054813607,845.7207751553269,703.1987776339515,255.74719619731067,0.007378185054813607,0.24687184388926936,0.6869424506101633,0.5563356409119724,0.5225214547342458,0.0026083038253164187,917.4180609484472,6.904167424864795,,4,,False,,,
20260806-103859_real,2026-08-06T10:38:59.250482+00:00,real,glm_offset_hgb_notm+RC2,candidate,,714.9425161207707,-794.1572823899543,,,-141.21598859208603,-39.60738313459177,659.5958526604451,251.933025171015,-0.0014121598859208604,0.25025715573144874,0.6939246477670192,0.5385981205937227,0.5080709581468223,0.015039880808210199,-1147.385260865427,-538.9805308262941,,2,,False,,,
20260806-103859_real,2026-08-06T10:38:59.250482+00:00,real,hgb82_reg_notm+K0,candidate,,709.9174047259818,-1178.8337122922949,1559.538937552603,-0.027137292951778802,713.7827387011354,844.8732012141106,694.2374140044965,233.12533202491753,0.007137827387011354,0.2469309007576088,0.6870576855445083,0.5560570884459625,0.521473291537999,0.0015601406290695896,935.1757840767342,14.602313856515423,,4,,False,,,
20260806-103859_real,2026-08-06T10:38:59.250482+00:00,real,hgb82_reg+RC2,candidate,,663.0240002302536,-1107.5532945036443,,,-361.20472151149886,-222.26464713669537,620.7547214133704,325.0065703714801,-0.0036120472151149885,0.25080706175656076,0.6951306228218288,0.5371669236259502,0.5106794361881206,0.017648358849508494,-1733.3573736206936,-750.2203706057476,,2,,False,,,
20260806-103859_real,2026-08-06T10:38:59.250482+00:00,real,hgb82_reg_notm+RC2,candidate,,658.0569166641529,-1110.3597705457105,,,-355.2792806415017,-226.15142694077878,620.5493252073402,307.4322421285002,-0.003552792806415017,0.25079224726838945,0.695092074547633,0.5370361245537443,0.5100390941023674,0.01700801676375524,-1696.1517186518531,-739.0908058590884,,2,,False,,,
20260806-103859_real,2026-08-06T10:38:59.250482+00:00,real,glm_offset_hgb_notm+K1_iso,candidate,,595.4372375378293,-1222.128897271242,1413.0328525411453,-0.029729501646850398,540.4676090391747,684.4911125812713,650.9456814291491,-308.18620097519295,0.005404676090391747,0.24736109603882972,0.6940069544741685,0.5561094220627321,0.5216787203147992,0.001765569405869874,564.595098207112,527.9161878461058,,4,,False,,,
20260806-103859_real,2026-08-06T10:38:59.250482+00:00,real,glm_offset_hgb+K1_iso,candidate,,590.7556235708778,-1229.84089204079,1373.5397876776112,-0.026842880437265126,560.9841431586715,686.0165634696409,652.2527544362438,-264.00924219782087,0.005609841431586715,0.2473102307157599,0.6936014673369637,0.5558063955883139,0.5223377407349481,0.002424589826018758,609.4501920424816,549.0086331726845,,4,,False,,,
20260806-103859_real,2026-08-06T10:38:59.250482+00:00,real,hgb82_reg+K1_iso,candidate,,551.3788631507537,-1499.4236554338627,1360.4985439226105,-0.026185231809533804,179.94620071208885,342.5200408104759,626.8105279453287,-1716.7391220682696,0.0017994620071208885,0.2482604050403339,0.7268559996107329,0.5554219727855101,0.5257178039392674,0.005804653030337878,-318.4478681071489,403.49825159471663,,4,,False,,,
20260806-103859_real,2026-08-06T10:38:59.250482+00:00,real,hgb82_reg_notm+K1_iso,candidate,,533.19450612595,-1485.567741565778,1372.6857330888922,-0.029483088793703316,342.8294518303843,498.06952249174054,617.5104849318809,-1005.9261307060767,0.003428294518303843,0.24785401446935104,0.7076759357453548,0.5549985826531755,0.5229676677331271,0.00305451682419762,234.86771498448923,397.8644135428699,,4,,False,,,
20260806-103859_real,2026-08-06T10:38:59.250482+00:00,real,glm_offset_hgb+RC,candidate,,494.17295279340397,-939.313625058679,1335.7462471399067,-0.026947236460892032,642.2631822881942,756.0240713916257,616.8738631317,-200.14932922229957,0.006422631822881942,0.24710687908996148,0.6874304102453183,0.5539208059480722,0.520965906231486,0.0010527553225566366,726.8317588654264,649.6849527875049,,4,,False,,,
20260806-103859_real,2026-08-06T10:38:59.250482+00:00,real,glm_offset_hgb_notm+RC,candidate,,493.2908102723842,-904.6290204269476,1334.9055237626442,-0.028889194447236144,635.5575347493536,760.9513663663477,616.7788464502089,-213.0806373957641,0.006355575347493536,0.2471231324454873,0.6874543861475326,0.5538214014328849,0.5205256978647528,0.0006125469558233565,735.7174533288239,644.27995477013,,4,,False,,,
20260806-103859_real,2026-08-06T10:38:59.250482+00:00,real,hgb82_reg+RC,candidate,,480.1120379567375,-1250.8368706011152,1266.1545736728754,-0.027816712018173262,526.4871667083866,657.0069495838881,594.8226098259165,-78.12750429909102,0.0052648716670838655,0.24739540396032786,0.6880630184255184,0.5533351431127815,0.5213943981291892,0.001481247220259746,459.6011568857041,513.7602288189713,,4,,False,,,
20260806-103859_real,2026-08-06T10:38:59.250482+00:00,real,hgb82_reg_notm+RC,candidate,,478.56427420470726,-1249.1594602670673,1260.7115201795214,-0.029359497511687427,524.4969560447731,659.6601277854877,594.571317858278,-82.81126327378682,0.005244969560447731,0.24740000094958542,0.6880582134229033,0.5531902104085985,0.5205715904607089,0.0006584395517794106,475.0418197300515,514.2567553456212,,4,,False,,,
20260806-103859_real,2026-08-06T10:38:59.250482+00:00,real,const_ORACLE,oracle,,-4.4408920985006255e-11,-4.4408920985006255e-11,3.3306690738754716e-11,2.220446049250313e-16,-2.7755575615628914e-12,-2.7755575615628784e-12,2.9388047551037744e-11,4.504840944719035e-12,-2.7755575615628914e-17,0.2486970808178609,0.6905352266102539,0.5,0.5199131509089295,1.1102230246251565e-16,1.1151968237754772e-11,,,4,,False,,,
20260806-103859_real,2026-08-06T10:38:59.250482+00:00,real,const_prev,reference,,1.06439301816863e-11,-2.808064891723916e-11,-2.808064891723916e-11,-0.03195830837473346,-208.44163528577764,-9.910072762409072e-12,4.222400207254395e-12,-8.01492205937393e-12,-0.0020844163528577764,0.2492137913432817,0.6915733839355769,0.5,0.5235877455704847,0.003674594661555272,-4.291678123991005e-12,,,4,,False,,,
20260806-104627_real,2026-08-06T10:46:27.932377+00:00,real,glm_offset_hgb_notm+K0,candidate,,754.6498495711339,-758.3701595679547,1609.6930940694724,-0.025836682800658872,850.5558333562201,962.8499203960226,729.7964058467386,13.568391843784156,0.0085055583335622,0.2465897163546369,0.6863107670927444,0.5569097101041915,0.5212242623731402,0.0013111114642107985,1163.1818337513375,298.4911679540153,,4,,False,,,
20260806-104627_real,2026-08-06T10:46:27.932377+00:00,real,glm_offset_hgb+K0,candidate,,742.6074087217875,-783.9954651134137,1580.0124618176208,-0.02024576462951999,860.7897213492366,943.5165447854106,716.0197847787601,-19.10562529839494,0.008607897213492366,0.24656490217211785,0.6862633294658815,0.5567031374533604,0.5217857868124272,0.001872635903497677,1143.9327003224191,317.5829200731589,,4,,False,,,
20260806-104627_real,2026-08-06T10:46:27.932377+00:00,real,glm_offset_hgb_notm+RC2,candidate,,714.9425161207707,-794.1572823899543,,,-141.21598859208603,-39.60738313459177,659.5958526604451,251.933025171015,-0.0014121598859208604,0.25025715573144874,0.6939246477670192,0.5385981205937227,0.5080709581468223,0.015039880808210199,-1147.385260865427,-538.9805308262941,,2,,False,,,
20260806-104627_real,2026-08-06T10:46:27.932377+00:00,real,glm_offset_hgb+RC2,candidate,,706.6935652227003,-893.2859759993453,,,-200.70746551444915,-93.2962053883225,647.3684399894018,250.12453006664617,-0.0020070746551444914,0.25040588238765715,0.6942650008689459,0.5383877484397916,0.508193303430746,0.015162226092133801,-1258.6555678631078,-558.4040584960869,,2,,False,,,
20260806-104627_real,2026-08-06T10:46:27.932377+00:00,real,glm_offset_hgb_notm+K1_iso,candidate,,595.4372375378293,-1222.128897271242,1413.0328525411453,-0.029729501646850398,540.4676090391747,684.4911125812713,650.9456814291491,-308.18620097519295,0.005404676090391747,0.24736109603882972,0.6940069544741685,0.5561094220627321,0.5216787203147992,0.001765569405869874,564.595098207112,527.9161878461058,,4,,False,,,
20260806-104627_real,2026-08-06T10:46:27.932377+00:00,real,glm_offset_hgb+K1_iso,candidate,,594.5830131403084,-1252.2259756705232,1381.1877723067425,-0.02618577022887736,522.7714981011322,647.9087755675296,647.5284687709421,-522.0789091818999,0.005227714981011322,0.24740568769094193,0.6948607661551169,0.5557616367880093,0.5224292374175604,0.0025160865086310547,567.2616545166399,537.6262672073723,,4,,False,,,
20260806-104627_real,2026-08-06T10:46:27.932377+00:00,real,glm_offset_hgb+RC,candidate,,494.09814690122397,-979.8072996974945,1327.1050167189924,-0.026815339500522506,618.5781144622038,735.6836587956798,606.2160793342222,-235.14208584663768,0.006185781144622038,0.24716596646115954,0.6875654260365273,0.5537940361215672,0.5211940567090224,0.0012809058000929907,694.972121338945,638.0525717290086,,4,,False,,,
20260806-104627_real,2026-08-06T10:46:27.932377+00:00,real,glm_offset_hgb_notm+RC,candidate,,493.2908102723842,-904.6290204269476,1334.9055237626442,-0.028889194447236144,635.5575347493536,760.9513663663477,616.7788464502089,-213.0806373957641,0.006355575347493536,0.2471231324454873,0.6874543861475326,0.5538214014328849,0.5205256978647528,0.0006125469558233565,735.7174533288239,644.27995477013,,4,,False,,,
20260806-104627_real,2026-08-06T10:46:27.932377+00:00,real,const_ORACLE,oracle,,-4.4408920985006255e-11,-4.4408920985006255e-11,3.3306690738754716e-11,2.220446049250313e-16,-2.7755575615628914e-12,-2.7755575615628784e-12,2.9388047551037744e-11,4.504840944719035e-12,-2.7755575615628914e-17,0.2486970808178609,0.6905352266102539,0.5,0.5199131509089295,1.1102230246251565e-16,1.1151968237754772e-11,,,4,,False,,,
20260806-104627_real,2026-08-06T10:46:27.932377+00:00,real,const_prev,reference,,1.06439301816863e-11,-2.808064891723916e-11,-2.808064891723916e-11,-0.03195830837473346,-208.44163528577764,-9.910072762409072e-12,4.222400207254395e-12,-8.01492205937393e-12,-0.0020844163528577764,0.2492137913432817,0.6915733839355769,0.5,0.5235877455704847,0.003674594661555272,-4.291678123991005e-12,,,4,,False,,,
